{
  "sections": {
    "slideshow_QjTbd9": {
      "type": "slideshow",
      "blocks": {
        "slide_RMkDaj": {
          "type": "slide",
          "settings": {
            "image": "shopify:\/\/shop_images\/aplus_1580x512_202409.webp",
            "heading": "",
            "heading_size": "h1",
            "subheading": "",
            "button_label": "ショッピングローン",
            "link": "shopify:\/\/pages\/loan",
            "button_style_secondary": false,
            "box_align": "middle-center",
            "show_text_box": true,
            "text_alignment": "center",
            "image_overlay_opacity": 0,
            "color_scheme": "",
            "text_alignment_mobile": "center"
          }
        }
      },
      "block_order": [
        "slide_RMkDaj"
      ],
      "settings": {
        "layout": "full_bleed",
        "slide_height": "adapt_image",
        "slider_visual": "dots",
        "auto_rotate": false,
        "change_slides_speed": 5,
        "image_behavior": "none",
        "show_text_below": true,
        "accessibility_info": "ブランドについてのスライドショー"
      }
    },
    "featured_collection": {
      "type": "featured-collection",
      "settings": {
        "title": "新着",
        "heading_size": "h2",
        "description": "<p>入荷したばかりの商品です<\/p>",
        "show_description": false,
        "description_style": "body",
        "collection": "allitems",
        "products_to_show": 12,
        "columns_desktop": 6,
        "full_width": true,
        "show_view_all": false,
        "view_all_style": "outline",
        "enable_desktop_slider": false,
        "color_scheme": "scheme-1",
        "image_ratio": "adapt",
        "image_shape": "default",
        "show_secondary_image": true,
        "show_vendor": false,
        "show_brand": true,
        "show_shop": true,
        "show_rank": true,
        "show_category": true,
        "show_sex": true,
        "show_rating": false,
        "quick_add": "none",
        "columns_mobile": "2",
        "swipe_on_mobile": true,
        "padding_top": 36,
        "padding_bottom": 0
      }
    },
    "new_news_PkbhQG": {
      "type": "new-news",
      "settings": {
        "title": "お知らせ",
        "description": "<p>キャンペーンやクーポンなどお得な情報をお知らせします。<\/p>",
        "show_description": false,
        "description_style": "body",
        "new-news": "news",
        "new-news_heading_size": "h2",
        "post_limit": 3,
        "new-news_date": true,
        "new-news_category": true,
        "padding_top": 0,
        "padding_bottom": 0
      }
    },
    "collection_list_dP8kKG": {
      "type": "collection-list",
      "blocks": {
        "featured_collection_TtrTCp": {
          "type": "featured_collection",
          "settings": {
            "collection": "rolex"
          }
        },
        "featured_collection_RTWDDG": {
          "type": "featured_collection",
          "settings": {
            "collection": "hermes"
          }
        },
        "featured_collection_xEdamP": {
          "type": "featured_collection",
          "settings": {
            "collection": "louisvuitton"
          }
        },
        "featured_collection_NiUNja": {
          "type": "featured_collection",
          "settings": {
            "collection": "chanel"
          }
        }
      },
      "block_order": [
        "featured_collection_TtrTCp",
        "featured_collection_RTWDDG",
        "featured_collection_xEdamP",
        "featured_collection_NiUNja"
      ],
      "settings": {
        "title": "人気ブランドから選ぶ",
        "heading_size": "h2",
        "image_ratio": "adapt",
        "columns_desktop": 4,
        "color_scheme": "",
        "show_view_all": false,
        "columns_mobile": "1",
        "swipe_on_mobile": false,
        "padding_top": 36,
        "padding_bottom": 0
      }
    },
    "collection_list_ae3bNT": {
      "type": "collection-list",
      "blocks": {
        "featured_collection_WKzYCX": {
          "type": "featured_collection",
          "settings": {
            "collection": "mens"
          }
        },
        "featured_collection_xDXxLY": {
          "type": "featured_collection",
          "settings": {
            "collection": "ledies"
          }
        },
        "featured_collection_9kenQD": {
          "type": "featured_collection",
          "settings": {
            "collection": "mintcondition"
          }
        },
        "featured_collection_tk4hnW": {
          "type": "featured_collection",
          "settings": {
            "collection": "5under"
          }
        },
        "featured_collection_fiVg3F": {
          "type": "featured_collection",
          "settings": {
            "collection": "parts"
          }
        }
      },
      "block_order": [
        "featured_collection_WKzYCX",
        "featured_collection_xDXxLY",
        "featured_collection_9kenQD",
        "featured_collection_tk4hnW",
        "featured_collection_fiVg3F"
      ],
      "settings": {
        "title": "かんたん絞り込み",
        "heading_size": "h2",
        "image_ratio": "adapt",
        "columns_desktop": 5,
        "color_scheme": "",
        "show_view_all": false,
        "columns_mobile": "1",
        "swipe_on_mobile": false,
        "padding_top": 36,
        "padding_bottom": 0
      }
    },
    "featured_collection_4TWHUh": {
      "type": "featured-collection",
      "settings": {
        "title": "天白本店のおすすめ商品",
        "heading_size": "h2",
        "description": "",
        "show_description": true,
        "description_style": "body",
        "collection": "tempaku",
        "products_to_show": 6,
        "columns_desktop": 6,
        "full_width": true,
        "show_view_all": false,
        "view_all_style": "solid",
        "enable_desktop_slider": false,
        "color_scheme": "",
        "image_ratio": "adapt",
        "image_shape": "default",
        "show_secondary_image": false,
        "show_vendor": false,
        "show_brand": true,
        "show_shop": true,
        "show_rank": true,
        "show_category": true,
        "show_sex": true,
        "show_rating": false,
        "quick_add": "none",
        "columns_mobile": "2",
        "swipe_on_mobile": false,
        "padding_top": 36,
        "padding_bottom": 0
      }
    },
    "featured_collection_VLM3Eg": {
      "type": "featured-collection",
      "settings": {
        "title": "栄店のおすすめ商品",
        "heading_size": "h2",
        "description": "",
        "show_description": true,
        "description_style": "body",
        "collection": "sakae",
        "products_to_show": 6,
        "columns_desktop": 6,
        "full_width": true,
        "show_view_all": false,
        "view_all_style": "solid",
        "enable_desktop_slider": false,
        "color_scheme": "",
        "image_ratio": "adapt",
        "image_shape": "default",
        "show_secondary_image": false,
        "show_vendor": false,
        "show_brand": true,
        "show_shop": true,
        "show_rank": true,
        "show_category": true,
        "show_sex": true,
        "show_rating": false,
        "quick_add": "none",
        "columns_mobile": "2",
        "swipe_on_mobile": false,
        "padding_top": 36,
        "padding_bottom": 0
      }
    },
    "featured_collection_D3HfbV": {
      "type": "featured-collection",
      "settings": {
        "title": "名東店のおすすめ商品",
        "heading_size": "h2",
        "description": "",
        "show_description": true,
        "description_style": "body",
        "collection": "meito",
        "products_to_show": 6,
        "columns_desktop": 6,
        "full_width": true,
        "show_view_all": false,
        "view_all_style": "solid",
        "enable_desktop_slider": false,
        "color_scheme": "",
        "image_ratio": "adapt",
        "image_shape": "default",
        "show_secondary_image": false,
        "show_vendor": false,
        "show_brand": true,
        "show_shop": true,
        "show_rank": true,
        "show_category": true,
        "show_sex": true,
        "show_rating": false,
        "quick_add": "none",
        "columns_mobile": "2",
        "swipe_on_mobile": false,
        "padding_top": 36,
        "padding_bottom": 0
      }
    },
    "featured_collection_3aa4Nq": {
      "type": "featured-collection",
      "settings": {
        "title": "名古屋駅前店のおすすめ商品",
        "heading_size": "h2",
        "description": "",
        "show_description": true,
        "description_style": "body",
        "collection": "meieki",
        "products_to_show": 6,
        "columns_desktop": 6,
        "full_width": true,
        "show_view_all": false,
        "view_all_style": "solid",
        "enable_desktop_slider": false,
        "color_scheme": "",
        "image_ratio": "adapt",
        "image_shape": "default",
        "show_secondary_image": false,
        "show_vendor": false,
        "show_brand": true,
        "show_shop": true,
        "show_rank": true,
        "show_category": true,
        "show_sex": true,
        "show_rating": false,
        "quick_add": "none",
        "columns_mobile": "2",
        "swipe_on_mobile": false,
        "padding_top": 36,
        "padding_bottom": 0
      }
    }
  },
  "order": [
    "slideshow_QjTbd9",
    "featured_collection",
    "new_news_PkbhQG",
    "collection_list_dP8kKG",
    "collection_list_ae3bNT",
    "featured_collection_4TWHUh",
    "featured_collection_VLM3Eg",
    "featured_collection_D3HfbV",
    "featured_collection_3aa4Nq"
  ]
}
