{
  "name": "t:sections.footer.name",
  "type": "footer",
  "sections": {
    "footer": {
      "type": "footer",
      "blocks": {
        "link_list_xP9cGj": {
          "type": "link_list",
          "settings": {
            "heading": "",
            "menu": "footer"
          }
        }
      },
      "block_order": [
        "link_list_xP9cGj"
      ],
      "settings": {
        "color_scheme": "scheme-1",
        "newsletter_enable": false,
        "newsletter_heading": "Subscribe to our emails",
        "enable_follow_on_shop": false,
        "show_social": true,
        "enable_country_selector": true,
        "enable_language_selector": true,
        "payment_enable": true,
        "show_policy": true,
        "margin_top": 0,
        "padding_top": 0,
        "padding_bottom": 36
      }
    }
  },
  "order": [
    "footer"
  ]
}
