{
  "name": "t:sections.header.name",
  "type": "header",
  "sections": {
    "header": {
      "type": "header",
      "settings": {
        "logo_position": "middle-left",
        "menu": "main-menu",
        "menu_type_desktop": "mega",
        "sticky_header_type": "on-scroll-up",
        "show_line_separator": true,
        "color_scheme": "scheme-1",
        "menu_color_scheme": "scheme-1",
        "enable_country_selector": true,
        "enable_language_selector": true,
        "enable_customer_avatar": true,
        "mobile_logo_position": "center",
        "mobile_calendar-title": "営業カレンダー",
        "mobile_calendar": true,
        "margin_bottom": 0,
        "padding_top": 0,
        "padding_bottom": 0
      }
    },
    "announcement-bar": {
      "type": "announcement-bar",
      "blocks": {
        "announcement-bar-0": {
          "type": "announcement",
          "settings": {
            "text": "台風10号の影響により配送遅延が発生しています。",
            "link": ""
          }
        },
        "announcement_BqDGnK": {
          "type": "announcement",
          "settings": {
            "text": "ただいまショッピングローンキャンペーン実施中",
            "link": ""
          }
        }
      },
      "block_order": [
        "announcement-bar-0",
        "announcement_BqDGnK"
      ],
      "settings": {
        "color_scheme": "scheme-4",
        "show_line_separator": true,
        "show_social": false,
        "auto_rotate": true,
        "change_slides_speed": 3,
        "enable_country_selector": true,
        "enable_language_selector": true
      }
    }
  },
  "order": [
    "header",
    "announcement-bar"
  ]
}
